{
  "weights": {
    "1": 0.018468241890594237,
    "2": 0.01377762585010537,
    "3": 0.014258067439397597,
    "4": 0.014452917928717758,
    "5": 0.014367345253142025,
    "6": 0.015747369854114623,
    "7": 0.013849357446803934,
    "8": 0.012811481527560509,
    "9": 0.01394024834546793,
    "10": 0.013003935686060245,
    "11": 0.011248574783109583,
    "12": 0.010977015843894431,
    "13": 0.010505219197220285,
    "14": 0.01092270705635822,
    "15": 0.009886969786037562,
    "16": 0.009477131566053756,
    "17": 0.010361118685839252,
    "18": 0.013293108537089562,
    "19": 0.01142084107111365,
    "20": 0.008726324765797953,
    "21": 0.010253730507212918,
    "22": 0.011716019744524287,
    "23": 0.012370771039581193,
    "24": 0.009669382165997147,
    "25": 0.007628764149923252,
    "26": 0.008307867133236677,
    "27": 0.009402728641223197,
    "28": 0.008648179231491238,
    "29": 0.008004511688562557,
    "30": 0.008693668025334831,
    "31": 0.008315521958529859,
    "32": 0.00966872117557041,
    "33": 0.009327113141759047,
    "34": 0.00874177941633244,
    "35": 0.012784288565524963,
    "36": 0.011929247137166296,
    "37": 0.01017820287708128,
    "38": 0.0099998060705142,
    "39": 0.010025808086867698,
    "40": 0.010823413458962029,
    "41": 0.012261596631931791,
    "42": 0.01527329912909709,
    "43": 0.01732824028035048,
    "44": 0.017826505123611766,
    "45": 0.022396095877602044,
    "46": 0.028529581221997932,
    "47": 0.07269037295709502,
    "48": 0.10152565971619675,
    "49": 0.08830931469499602,
    "50": 0.09629734166335885,
    "51": 0.05246182381927866,
    "52": 0.0271150421546096
  },
  "forecasts_2025": {
    "Smith-AC-Scrub1": 40438,
    "Smith-AC-FGph": 4976,
    "Smith-AC-Sleeve1": 17790,
    "Smith-AC-Sleeve2": 13082,
    "Smith-AC-SpatW1": 20209,
    "Smith-AC-SpatB1": 20971,
    "Smith-AC-PHTLg": 2632,
    "Smith-AC-KeeperW": 2338,
    "Smith-AC-Season": 31123,
    "Smith-AC-Brush": 6922,
    "Smith-Bottle1": 1496,
    "Smith-AC-Glid10": 7179,
    "Smith-AC-Glid12": 16648,
    "Smith-AC-Glid14": 9297,
    "Smith-CS-Farm12": 5744,
    "Smith-CS-RRoastM": 1893,
    "Smith-CS-OvalM": 1976,
    "Smith-CS-WokM": 4244,
    "Smith-CS-Round17N": 1021,
    "Smith-CS-Deep12": 7233,
    "Smith-CS-Farm9": 6536,
    "Smith-CS-Fish": 1613,
    "Smith-CI-Skil8": 13779,
    "Smith-CI-Chef10": 16128,
    "Smith-CI-Flat10": 4135,
    "Smith-CI-Flat12": 10720,
    "Smith-CI-Skil6": 6826,
    "Smith-CI-Skil10": 19788,
    "Smith-CI-Skil12": 33012,
    "Smith-CI-Tradskil14": 6490,
    "Smith-CI-Skil14": 8047,
    "Smith-CI-DSkil11": 8504,
    "Smith-CI-Grill12": 3227,
    "Smith-CI-Dutch4": 3000,
    "Smith-CI-Dutch5": 5752,
    "Smith-CI-Dutch7": 4578,
    "Smith-CI-Dual6": 3984,
    "Smith-CI-Griddle18": 7692,
    "Smith-CI-Dual12": 6302
  },
  "forecasts_2026": {
    "Smith-AC-Scrub1": 43446,
    "Smith-AC-FGph": 6273,
    "Smith-AC-Sleeve1": 23728,
    "Smith-AC-Sleeve2": 17069,
    "Smith-AC-SpatW1": 15448,
    "Smith-AC-SpatB1": 25607,
    "Smith-AC-PHTLg": 3330,
    "Smith-AC-KeeperW": 3142,
    "Smith-AC-Season": 44043,
    "Smith-AC-Brush": 11055,
    "Smith-Bottle1": 1877,
    "Smith-CS-Farm12": 7383,
    "Smith-CS-Deep12": 8411,
    "Smith-CS-RRoastM": 1929,
    "Smith-CS-OvalM": 2269,
    "Smith-CS-WokM": 4581,
    "Smith-CS-Round17N": 1354,
    "Smith-CS-Farm9": 6616,
    "Smith-CS-Fish": 2996,
    "Smith-CI-Skil8": 17996,
    "Smith-CI-Chef10": 13721,
    "Smith-CI-Flat10": 5092,
    "Smith-CI-Flat12": 14059,
    "Smith-CI-Skil6": 7161,
    "Smith-CI-Skil10": 25749,
    "Smith-CI-Skil12": 41841,
    "Smith-CI-TradSkil14": 8689,
    "Smith-CI-Skil14": 10534,
    "Smith-CI-DSkil11": 10534,
    "Smith-CI-Grill12": 4622,
    "Smith-CI-Dutch4": 3805,
    "Smith-CI-Dutch5": 6656,
    "Smith-CI-Dutch7": 5502,
    "Smith-CI-Dual6": 3805,
    "Smith-CI-Griddle18": 15888,
    "Smith-CI-Dual12": 6247,
    "Smith-CI-Sauce1": 974,
    "Smith-AC-CSlid12": 2392,
    "Smith-AC-Glid10": 11604,
    "Smith-AC-Glid12": 23039,
    "Smith-AC-Glid14": 10273
  },
  "forecasts_2026_monthly": {
    "Smith-AC-Scrub1": [
      2894,
      2354,
      2129,
      1912,
      2419,
      2092,
      1866,
      1953,
      2214,
      2945,
      8972,
      11696
    ],
    "Smith-AC-FGph": [
      412,
      334,
      302,
      272,
      348,
      302,
      268,
      278,
      313,
      415,
      1304,
      1725
    ],
    "Smith-AC-Sleeve1": [
      1577,
      1281,
      1159,
      1041,
      1321,
      1142,
      1018,
      1064,
      1204,
      1602,
      4906,
      6413
    ],
    "Smith-AC-Sleeve2": [
      1130,
      917,
      830,
      746,
      949,
      821,
      731,
      763,
      861,
      1144,
      3536,
      4641
    ],
    "Smith-AC-SpatW1": [
      1035,
      843,
      762,
      684,
      861,
      744,
      665,
      698,
      794,
      1058,
      3181,
      4123
    ],
    "Smith-AC-SpatB1": [
      1695,
      1376,
      1245,
      1119,
      1424,
      1232,
      1097,
      1144,
      1291,
      1717,
      5305,
      6962
    ],
    "Smith-AC-PHTLg": [
      223,
      182,
      165,
      148,
      186,
      160,
      143,
      151,
      172,
      229,
      685,
      886
    ],
    "Smith-AC-KeeperW": [
      212,
      173,
      156,
      140,
      175,
      151,
      136,
      143,
      163,
      217,
      645,
      831
    ],
    "Smith-AC-Season": [
      2897,
      2346,
      2125,
      1913,
      2446,
      2118,
      1881,
      1957,
      2198,
      2919,
      9152,
      12091
    ],
    "Smith-AC-Brush": [
      741,
      604,
      546,
      489,
      616,
      533,
      476,
      500,
      569,
      758,
      2276,
      2947
    ],
    "Smith-Bottle1": [
      118,
      94,
      86,
      78,
      103,
      90,
      79,
      80,
      87,
      115,
      398,
      549
    ],
    "Smith-CS-Farm12": [
      510,
      419,
      378,
      337,
      416,
      358,
      323,
      342,
      395,
      528,
      1496,
      1881
    ],
    "Smith-CS-Deep12": [
      567,
      462,
      418,
      375,
      471,
      407,
      364,
      380,
      433,
      577,
      1726,
      2231
    ],
    "Smith-CS-RRoastM": [
      136,
      112,
      101,
      90,
      109,
      94,
      85,
      91,
      106,
      142,
      387,
      476
    ],
    "Smith-CS-OvalM": [
      165,
      138,
      123,
      109,
      129,
      111,
      102,
      110,
      132,
      177,
      447,
      526
    ],
    "Smith-CS-WokM": [
      321,
      265,
      238,
      212,
      259,
      223,
      202,
      215,
      251,
      336,
      921,
      1138
    ],
    "Smith-CS-Round17N": [
      97,
      81,
      73,
      64,
      77,
      66,
      60,
      65,
      77,
      104,
      269,
      321
    ],
    "Smith-CS-Farm9": [
      448,
      365,
      330,
      296,
      371,
      320,
      287,
      300,
      343,
      457,
      1355,
      1744
    ],
    "Smith-CS-Fish": [
      199,
      162,
      146,
      132,
      167,
      145,
      129,
      134,
      151,
      200,
      619,
      812
    ],
    "Smith-CI-Skil8": [
      1221,
      998,
      901,
      807,
      1010,
      872,
      781,
      818,
      936,
      1248,
      3681,
      4723
    ],
    "Smith-CI-Chef10": [
      956,
      789,
      709,
      632,
      774,
      666,
      603,
      640,
      745,
      998,
      2768,
      3441
    ],
    "Smith-CI-Flat10": [
      339,
      275,
      249,
      224,
      284,
      246,
      219,
      227,
      256,
      341,
      1052,
      1380
    ],
    "Smith-CI-Flat12": [
      966,
      793,
      715,
      639,
      791,
      682,
      614,
      648,
      747,
      998,
      2856,
      3610
    ],